<addon id="plugin.video.weebtv" name="WeebTV" version="0.0.1~alpha1" provider-name="Ungeskriptet">
    <requires>
	<import addon="xbmc.python" version="3.0.0" optional="true"/>	
    </requires>
    <extension point="xbmc.python.pluginsource" library="addon.py">
    	<provides>video</provides>
    </extension>
    <extension point="xbmc.addon.metadata">
	<summary>Weeb.TV - Online TV</summary>
	<description>Watch polish TV online</description>
	<disclaimer>Watch popular channels on your screen, transmitting by users from all over the world.</disclaimer>
	<platform>all</platform>
	<language>en</language>
	<website>https://gitlab.com/Ungeskriptet</website>
	<assets>
        <icon>resources/icon.png</icon>
    	</assets>
    </extension>
</addon>